<?xml version="1.0" encoding="UTF-8"?>
<metadata xml:lang="en"><Esri><CreaDate>20210502</CreaDate><CreaTime>15222100</CreaTime><ArcGISFormat>1.0</ArcGISFormat><SyncOnce>FALSE</SyncOnce><DataProperties><itemProps><itemName Sync="TRUE">new_dem.tif</itemName><itemLocation><linkage Sync="TRUE">file://C:\Users\barbourhia\OneDrive - Victoria University of Wellington - STUDENT\Geographical Computing\Final_Project\new_dem.tif</linkage><protocol Sync="TRUE">Local Area Network</protocol></itemLocation><imsContentType Sync="TRUE">002</imsContentType><nativeExtBox><westBL Sync="TRUE">1746152.000000</westBL><eastBL Sync="TRUE">1750651.000000</eastBL><southBL Sync="TRUE">5423630.000000</southBL><northBL Sync="TRUE">5427706.000000</northBL><exTypeCode Sync="TRUE">1</exTypeCode></nativeExtBox></itemProps><coordRef><type Sync="TRUE">Projected</type><geogcsn Sync="TRUE">GCS_NZGD_2000</geogcsn><csUnits Sync="TRUE">Linear Unit: Meter (1.000000)</csUnits><projcsn Sync="TRUE">NZGD_2000_Transverse_Mercator</projcsn><peXml Sync="TRUE">&lt;ProjectedCoordinateSystem xsi:type='typens:ProjectedCoordinateSystem' xmlns:xsi='http://www.w3.org/2001/XMLSchema-instance' xmlns:xs='http://www.w3.org/2001/XMLSchema' xmlns:typens='http://www.esri.com/schemas/ArcGIS/2.6.0'&gt;&lt;WKT&gt;PROJCS[&amp;quot;NZGD_2000_Transverse_Mercator&amp;quot;,GEOGCS[&amp;quot;GCS_NZGD_2000&amp;quot;,DATUM[&amp;quot;D_NZGD_2000&amp;quot;,SPHEROID[&amp;quot;GRS_1980&amp;quot;,6378137.0,298.257222101]],PRIMEM[&amp;quot;Greenwich&amp;quot;,0.0],UNIT[&amp;quot;Degree&amp;quot;,0.0174532925199433]],PROJECTION[&amp;quot;Transverse_Mercator&amp;quot;],PARAMETER[&amp;quot;False_Easting&amp;quot;,1600000.0],PARAMETER[&amp;quot;False_Northing&amp;quot;,10000000.0],PARAMETER[&amp;quot;Central_Meridian&amp;quot;,173.0],PARAMETER[&amp;quot;Scale_Factor&amp;quot;,0.9996],PARAMETER[&amp;quot;Latitude_Of_Origin&amp;quot;,0.0],UNIT[&amp;quot;Meter&amp;quot;,1.0]]&lt;/WKT&gt;&lt;XOrigin&gt;-4020900&lt;/XOrigin&gt;&lt;YOrigin&gt;1900&lt;/YOrigin&gt;&lt;XYScale&gt;450445547.3910538&lt;/XYScale&gt;&lt;ZOrigin&gt;-100000&lt;/ZOrigin&gt;&lt;ZScale&gt;10000&lt;/ZScale&gt;&lt;MOrigin&gt;-100000&lt;/MOrigin&gt;&lt;MScale&gt;10000&lt;/MScale&gt;&lt;XYTolerance&gt;0.001&lt;/XYTolerance&gt;&lt;ZTolerance&gt;0.001&lt;/ZTolerance&gt;&lt;MTolerance&gt;0.001&lt;/MTolerance&gt;&lt;HighPrecision&gt;true&lt;/HighPrecision&gt;&lt;/ProjectedCoordinateSystem&gt;</peXml></coordRef><RasterProperties><General><PixelDepth Sync="TRUE">32</PixelDepth><HasColormap Sync="TRUE">FALSE</HasColormap><CompressionType Sync="TRUE">LZW</CompressionType><NumBands Sync="TRUE">1</NumBands><Format Sync="TRUE">TIFF</Format><HasPyramids Sync="TRUE">TRUE</HasPyramids><SourceType Sync="TRUE">continuous</SourceType><PixelType Sync="TRUE">floating point</PixelType><NoDataValue Sync="TRUE">-3.4028231e+38</NoDataValue></General></RasterProperties><lineage><Process ToolSource="c:\program files (x86)\arcgis\desktop10.8\ArcToolbox\Toolboxes\Data Management Tools.tbx\MosaicToNewRaster" Date="20210502" Time="152416">MosaicToNewRaster 'C:\Users\GLEDHIKATI\OneDrive - Victoria University of Wellington - STUDENT\python,_notebooks\coding_assessment\DEM\DEM_BQ31_2013_1000_1821.tif';'C:\Users\GLEDHIKATI\OneDrive - Victoria University of Wellington - STUDENT\python,_notebooks\coding_assessment\DEM\DEM_BQ31_2013_1000_1822.tif';'C:\Users\GLEDHIKATI\OneDrive - Victoria University of Wellington - STUDENT\python,_notebooks\coding_assessment\DEM\DEM_BQ31_2013_1000_1823.tif';'C:\Users\GLEDHIKATI\OneDrive - Victoria University of Wellington - STUDENT\python,_notebooks\coding_assessment\DEM\DEM_BQ31_2013_1000_1824.tif';'C:\Users\GLEDHIKATI\OneDrive - Victoria University of Wellington - STUDENT\python,_notebooks\coding_assessment\DEM\DEM_BQ31_2013_1000_1825.tif';'C:\Users\GLEDHIKATI\OneDrive - Victoria University of Wellington - STUDENT\python,_notebooks\coding_assessment\DEM\DEM_BQ31_2013_1000_1826.tif';'C:\Users\GLEDHIKATI\OneDrive - Victoria University of Wellington - STUDENT\python,_notebooks\coding_assessment\DEM\DEM_BQ31_2013_1000_1827.tif';'C:\Users\GLEDHIKATI\OneDrive - Victoria University of Wellington - STUDENT\python,_notebooks\coding_assessment\DEM\DEM_BQ31_2013_1000_1828.tif';'C:\Users\GLEDHIKATI\OneDrive - Victoria University of Wellington - STUDENT\python,_notebooks\coding_assessment\DEM\DEM_BQ31_2013_1000_1829.tif';'C:\Users\GLEDHIKATI\OneDrive - Victoria University of Wellington - STUDENT\python,_notebooks\coding_assessment\DEM\DEM_BQ31_2013_1000_1830.tif';'C:\Users\GLEDHIKATI\OneDrive - Victoria University of Wellington - STUDENT\python,_notebooks\coding_assessment\DEM\DEM_BQ31_2013_1000_1831.tif';'C:\Users\GLEDHIKATI\OneDrive - Victoria University of Wellington - STUDENT\python,_notebooks\coding_assessment\DEM\DEM_BQ31_2013_1000_1921.tif';'C:\Users\GLEDHIKATI\OneDrive - Victoria University of Wellington - STUDENT\python,_notebooks\coding_assessment\DEM\DEM_BQ31_2013_1000_1922.tif';'C:\Users\GLEDHIKATI\OneDrive - Victoria University of Wellington - STUDENT\python,_notebooks\coding_assessment\DEM\DEM_BQ31_2013_1000_1923.tif';'C:\Users\GLEDHIKATI\OneDrive - Victoria University of Wellington - STUDENT\python,_notebooks\coding_assessment\DEM\DEM_BQ31_2013_1000_1924.tif';'C:\Users\GLEDHIKATI\OneDrive - Victoria University of Wellington - STUDENT\python,_notebooks\coding_assessment\DEM\DEM_BQ31_2013_1000_1925.tif';'C:\Users\GLEDHIKATI\OneDrive - Victoria University of Wellington - STUDENT\python,_notebooks\coding_assessment\DEM\DEM_BQ31_2013_1000_1926.tif';'C:\Users\GLEDHIKATI\OneDrive - Victoria University of Wellington - STUDENT\python,_notebooks\coding_assessment\DEM\DEM_BQ31_2013_1000_1927.tif';'C:\Users\GLEDHIKATI\OneDrive - Victoria University of Wellington - STUDENT\python,_notebooks\coding_assessment\DEM\DEM_BQ31_2013_1000_1928.tif';'C:\Users\GLEDHIKATI\OneDrive - Victoria University of Wellington - STUDENT\python,_notebooks\coding_assessment\DEM\DEM_BQ31_2013_1000_1929.tif';'C:\Users\GLEDHIKATI\OneDrive - Victoria University of Wellington - STUDENT\python,_notebooks\coding_assessment\DEM\DEM_BQ31_2013_1000_1930.tif';'C:\Users\GLEDHIKATI\OneDrive - Victoria University of Wellington - STUDENT\python,_notebooks\coding_assessment\DEM\DEM_BQ31_2013_1000_1931.tif';'C:\Users\GLEDHIKATI\OneDrive - Victoria University of Wellington - STUDENT\python,_notebooks\coding_assessment\DEM\DEM_BQ31_2013_1000_1932.tif';'C:\Users\GLEDHIKATI\OneDrive - Victoria University of Wellington - STUDENT\python,_notebooks\coding_assessment\DEM\DEM_BQ31_2013_1000_1933.tif';'C:\Users\GLEDHIKATI\OneDrive - Victoria University of Wellington - STUDENT\python,_notebooks\coding_assessment\DEM\DEM_BQ31_2013_1000_1934.tif';'C:\Users\GLEDHIKATI\OneDrive - Victoria University of Wellington - STUDENT\python,_notebooks\coding_assessment\DEM\DEM_BQ31_2013_1000_1935.tif';'C:\Users\GLEDHIKATI\OneDrive - Victoria University of Wellington - STUDENT\python,_notebooks\coding_assessment\DEM\DEM_BQ31_2013_1000_1936.tif';'C:\Users\GLEDHIKATI\OneDrive - Victoria University of Wellington - STUDENT\python,_notebooks\coding_assessment\DEM\DEM_BQ31_2013_1000_1937.tif';'C:\Users\GLEDHIKATI\OneDrive - Victoria University of Wellington - STUDENT\python,_notebooks\coding_assessment\DEM\DEM_BQ31_2013_1000_1938.tif';'C:\Users\GLEDHIKATI\OneDrive - Victoria University of Wellington - STUDENT\python,_notebooks\coding_assessment\DEM\DEM_BQ31_2013_1000_2021.tif';'C:\Users\GLEDHIKATI\OneDrive - Victoria University of Wellington - STUDENT\python,_notebooks\coding_assessment\DEM\DEM_BQ31_2013_1000_2022.tif';'C:\Users\GLEDHIKATI\OneDrive - Victoria University of Wellington - STUDENT\python,_notebooks\coding_assessment\DEM\DEM_BQ31_2013_1000_2023.tif';'C:\Users\GLEDHIKATI\OneDrive - Victoria University of Wellington - STUDENT\python,_notebooks\coding_assessment\DEM\DEM_BQ31_2013_1000_2024.tif';'C:\Users\GLEDHIKATI\OneDrive - Victoria University of Wellington - STUDENT\python,_notebooks\coding_assessment\DEM\DEM_BQ31_2013_1000_2025.tif';'C:\Users\GLEDHIKATI\OneDrive - Victoria University of Wellington - STUDENT\python,_notebooks\coding_assessment\DEM\DEM_BQ31_2013_1000_2026.tif';'C:\Users\GLEDHIKATI\OneDrive - Victoria University of Wellington - STUDENT\python,_notebooks\coding_assessment\DEM\DEM_BQ31_2013_1000_2027.tif';'C:\Users\GLEDHIKATI\OneDrive - Victoria University of Wellington - STUDENT\python,_notebooks\coding_assessment\DEM\DEM_BQ31_2013_1000_2028.tif';'C:\Users\GLEDHIKATI\OneDrive - Victoria University of Wellington - STUDENT\python,_notebooks\coding_assessment\DEM\DEM_BQ31_2013_1000_2029.tif';'C:\Users\GLEDHIKATI\OneDrive - Victoria University of Wellington - STUDENT\python,_notebooks\coding_assessment\DEM\DEM_BQ31_2013_1000_2030.tif';'C:\Users\GLEDHIKATI\OneDrive - Victoria University of Wellington - STUDENT\python,_notebooks\coding_assessment\DEM\DEM_BQ31_2013_1000_2031.tif';'C:\Users\GLEDHIKATI\OneDrive - Victoria University of Wellington - STUDENT\python,_notebooks\coding_assessment\DEM\DEM_BQ31_2013_1000_2032.tif';'C:\Users\GLEDHIKATI\OneDrive - Victoria University of Wellington - STUDENT\python,_notebooks\coding_assessment\DEM\DEM_BQ31_2013_1000_2033.tif';'C:\Users\GLEDHIKATI\OneDrive - Victoria University of Wellington - STUDENT\python,_notebooks\coding_assessment\DEM\DEM_BQ31_2013_1000_2034.tif';'C:\Users\GLEDHIKATI\OneDrive - Victoria University of Wellington - STUDENT\python,_notebooks\coding_assessment\DEM\DEM_BQ31_2013_1000_2035.tif';'C:\Users\GLEDHIKATI\OneDrive - Victoria University of Wellington - STUDENT\python,_notebooks\coding_assessment\DEM\DEM_BQ31_2013_1000_2036.tif';'C:\Users\GLEDHIKATI\OneDrive - Victoria University of Wellington - STUDENT\python,_notebooks\coding_assessment\DEM\DEM_BQ31_2013_1000_2037.tif';'C:\Users\GLEDHIKATI\OneDrive - Victoria University of Wellington - STUDENT\python,_notebooks\coding_assessment\DEM\DEM_BQ31_2013_1000_2039.tif';'C:\Users\GLEDHIKATI\OneDrive - Victoria University of Wellington - STUDENT\python,_notebooks\coding_assessment\DEM\DEM_BQ31_2013_1000_2040.tif';'C:\Users\GLEDHIKATI\OneDrive - Victoria University of Wellington - STUDENT\python,_notebooks\coding_assessment\DEM\DEM_BQ31_2013_1000_2044.tif';'C:\Users\GLEDHIKATI\OneDrive - Victoria University of Wellington - STUDENT\python,_notebooks\coding_assessment\DEM\DEM_BQ31_2013_1000_2045.tif';'C:\Users\GLEDHIKATI\OneDrive - Victoria University of Wellington - STUDENT\python,_notebooks\coding_assessment\DEM\DEM_BQ31_2013_1000_2121.tif';'C:\Users\GLEDHIKATI\OneDrive - Victoria University of Wellington - STUDENT\python,_notebooks\coding_assessment\DEM\DEM_BQ31_2013_1000_2122.tif';'C:\Users\GLEDHIKATI\OneDrive - Victoria University of Wellington - STUDENT\python,_notebooks\coding_assessment\DEM\DEM_BQ31_2013_1000_2123.tif';'C:\Users\GLEDHIKATI\OneDrive - Victoria University of Wellington - STUDENT\python,_notebooks\coding_assessment\DEM\DEM_BQ31_2013_1000_2124.tif';'C:\Users\GLEDHIKATI\OneDrive - Victoria University of Wellington - STUDENT\python,_notebooks\coding_assessment\DEM\DEM_BQ31_2013_1000_2125.tif';'C:\Users\GLEDHIKATI\OneDrive - Victoria University of Wellington - STUDENT\python,_notebooks\coding_assessment\DEM\DEM_BQ31_2013_1000_2126.tif';'C:\Users\GLEDHIKATI\OneDrive - Victoria University of Wellington - STUDENT\python,_notebooks\coding_assessment\DEM\DEM_BQ31_2013_1000_2127.tif';'C:\Users\GLEDHIKATI\OneDrive - Victoria University of Wellington - STUDENT\python,_notebooks\coding_assessment\DEM\DEM_BQ31_2013_1000_2128.tif';'C:\Users\GLEDHIKATI\OneDrive - Victoria University of Wellington - STUDENT\python,_notebooks\coding_assessment\DEM\DEM_BQ31_2013_1000_2129.tif';'C:\Users\GLEDHIKATI\OneDrive - Victoria University of Wellington - STUDENT\python,_notebooks\coding_assessment\DEM\DEM_BQ31_2013_1000_2130.tif';'C:\Users\GLEDHIKATI\OneDrive - Victoria University of Wellington - STUDENT\python,_notebooks\coding_assessment\DEM\DEM_BQ31_2013_1000_2131.tif';'C:\Users\GLEDHIKATI\OneDrive - Victoria University of Wellington - STUDENT\python,_notebooks\coding_assessment\DEM\DEM_BQ31_2013_1000_2132.tif';'C:\Users\GLEDHIKATI\OneDrive - Victoria University of Wellington - STUDENT\python,_notebooks\coding_assessment\DEM\DEM_BQ31_2013_1000_2133.tif';'C:\Users\GLEDHIKATI\OneDrive - Victoria University of Wellington - STUDENT\python,_notebooks\coding_assessment\DEM\DEM_BQ31_2013_1000_2134.tif';'C:\Users\GLEDHIKATI\OneDrive - Victoria University of Wellington - STUDENT\python,_notebooks\coding_assessment\DEM\DEM_BQ31_2013_1000_2135.tif';'C:\Users\GLEDHIKATI\OneDrive - Victoria University of Wellington - STUDENT\python,_notebooks\coding_assessment\DEM\DEM_BQ31_2013_1000_2136.tif';'C:\Users\GLEDHIKATI\OneDrive - Victoria University of Wellington - STUDENT\python,_notebooks\coding_assessment\DEM\DEM_BQ31_2013_1000_2137.tif';'C:\Users\GLEDHIKATI\OneDrive - Victoria University of Wellington - STUDENT\python,_notebooks\coding_assessment\DEM\DEM_BQ31_2013_1000_2138.tif';'C:\Users\GLEDHIKATI\OneDrive - Victoria University of Wellington - STUDENT\python,_notebooks\coding_assessment\DEM\DEM_BQ31_2013_1000_2139.tif';'C:\Users\GLEDHIKATI\OneDrive - Victoria University of Wellington - STUDENT\python,_notebooks\coding_assessment\DEM\DEM_BQ31_2013_1000_2140.tif';'C:\Users\GLEDHIKATI\OneDrive - Victoria University of Wellington - STUDENT\python,_notebooks\coding_assessment\DEM\DEM_BQ31_2013_1000_2143.tif';'C:\Users\GLEDHIKATI\OneDrive - Victoria University of Wellington - STUDENT\python,_notebooks\coding_assessment\DEM\DEM_BQ31_2013_1000_2144.tif';'C:\Users\GLEDHIKATI\OneDrive - Victoria University of Wellington - STUDENT\python,_notebooks\coding_assessment\DEM\DEM_BQ31_2013_1000_2145.tif';'C:\Users\GLEDHIKATI\OneDrive - Victoria University of Wellington - STUDENT\python,_notebooks\coding_assessment\DEM\DEM_BQ31_2013_1000_2146.tif';'C:\Users\GLEDHIKATI\OneDrive - Victoria University of Wellington - STUDENT\python,_notebooks\coding_assessment\DEM\DEM_BQ31_2013_1000_2221.tif';'C:\Users\GLEDHIKATI\OneDrive - Victoria University of Wellington - STUDENT\python,_notebooks\coding_assessment\DEM\DEM_BQ31_2013_1000_2222.tif';'C:\Users\GLEDHIKATI\OneDrive - Victoria University of Wellington - STUDENT\python,_notebooks\coding_assessment\DEM\DEM_BQ31_2013_1000_2223.tif';'C:\Users\GLEDHIKATI\OneDrive - Victoria University of Wellington - STUDENT\python,_notebooks\coding_assessment\DEM\DEM_BQ31_2013_1000_2224.tif';'C:\Users\GLEDHIKATI\OneDrive - Victoria University of Wellington - STUDENT\python,_notebooks\coding_assessment\DEM\DEM_BQ31_2013_1000_2225.tif';'C:\Users\GLEDHIKATI\OneDrive - Victoria University of Wellington - STUDENT\python,_notebooks\coding_assessment\DEM\DEM_BQ31_2013_1000_2226.tif';'C:\Users\GLEDHIKATI\OneDrive - Victoria University of Wellington - STUDENT\python,_notebooks\coding_assessment\DEM\DEM_BQ31_2013_1000_2227.tif';'C:\Users\GLEDHIKATI\OneDrive - Victoria University of Wellington - STUDENT\python,_notebooks\coding_assessment\DEM\DEM_BQ31_2013_1000_2228.tif';'C:\Users\GLEDHIKATI\OneDrive - Victoria University of Wellington - STUDENT\python,_notebooks\coding_assessment\DEM\DEM_BQ31_2013_1000_2229.tif';'C:\Users\GLEDHIKATI\OneDrive - Victoria University of Wellington - STUDENT\python,_notebooks\coding_assessment\DEM\DEM_BQ31_2013_1000_2230.tif';'C:\Users\GLEDHIKATI\OneDrive - Victoria University of Wellington - STUDENT\python,_notebooks\coding_assessment\DEM\DEM_BQ31_2013_1000_2231.tif';'C:\Users\GLEDHIKATI\OneDrive - Victoria University of Wellington - STUDENT\python,_notebooks\coding_assessment\DEM\DEM_BQ31_2013_1000_2232.tif';'C:\Users\GLEDHIKATI\OneDrive - Victoria University of Wellington - STUDENT\python,_notebooks\coding_assessment\DEM\DEM_BQ31_2013_1000_2233.tif';'C:\Users\GLEDHIKATI\OneDrive - Victoria University of Wellington - STUDENT\python,_notebooks\coding_assessment\DEM\DEM_BQ31_2013_1000_2234.tif';'C:\Users\GLEDHIKATI\OneDrive - Victoria University of Wellington - STUDENT\python,_notebooks\coding_assessment\DEM\DEM_BQ31_2013_1000_2235.tif';'C:\Users\GLEDHIKATI\OneDrive - Victoria University of Wellington - STUDENT\python,_notebooks\coding_assessment\DEM\DEM_BQ31_2013_1000_2236.tif';'C:\Users\GLEDHIKATI\OneDrive - Victoria University of Wellington - STUDENT\python,_notebooks\coding_assessment\DEM\DEM_BQ31_2013_1000_2237.tif';'C:\Users\GLEDHIKATI\OneDrive - Victoria University of Wellington - STUDENT\python,_notebooks\coding_assessment\DEM\DEM_BQ31_2013_1000_2238.tif';'C:\Users\GLEDHIKATI\OneDrive - Victoria University of Wellington - STUDENT\python,_notebooks\coding_assessment\DEM\DEM_BQ31_2013_1000_2239.tif';'C:\Users\GLEDHIKATI\OneDrive - Victoria University of Wellington - STUDENT\python,_notebooks\coding_assessment\DEM\DEM_BQ31_2013_1000_2240.tif';'C:\Users\GLEDHIKATI\OneDrive - Victoria University of Wellington - STUDENT\python,_notebooks\coding_assessment\DEM\DEM_BQ31_2013_1000_2242.tif';'C:\Users\GLEDHIKATI\OneDrive - Victoria University of Wellington - STUDENT\python,_notebooks\coding_assessment\DEM\DEM_BQ31_2013_1000_2243.tif';'C:\Users\GLEDHIKATI\OneDrive - Victoria University of Wellington - STUDENT\python,_notebooks\coding_assessment\DEM\DEM_BQ31_2013_1000_2244.tif';'C:\Users\GLEDHIKATI\OneDrive - Victoria University of Wellington - STUDENT\python,_notebooks\coding_assessment\DEM\DEM_BQ31_2013_1000_2245.tif';'C:\Users\GLEDHIKATI\OneDrive - Victoria University of Wellington - STUDENT\python,_notebooks\coding_assessment\DEM\DEM_BQ31_2013_1000_2246.tif';'C:\Users\GLEDHIKATI\OneDrive - Victoria University of Wellington - STUDENT\python,_notebooks\coding_assessment\DEM\DEM_BQ31_2013_1000_2321.tif';'C:\Users\GLEDHIKATI\OneDrive - Victoria University of Wellington - STUDENT\python,_notebooks\coding_assessment\DEM\DEM_BQ31_2013_1000_2322.tif';'C:\Users\GLEDHIKATI\OneDrive - Victoria University of Wellington - STUDENT\python,_notebooks\coding_assessment\DEM\DEM_BQ31_2013_1000_2323.tif';'C:\Users\GLEDHIKATI\OneDrive - Victoria University of Wellington - STUDENT\python,_notebooks\coding_assessment\DEM\DEM_BQ31_2013_1000_2324.tif';'C:\Users\GLEDHIKATI\OneDrive - Victoria University of Wellington - STUDENT\python,_notebooks\coding_assessment\DEM\DEM_BQ31_2013_1000_2325.tif';'C:\Users\GLEDHIKATI\OneDrive - Victoria University of Wellington - STUDENT\python,_notebooks\coding_assessment\DEM\DEM_BQ31_2013_1000_2326.tif';'C:\Users\GLEDHIKATI\OneDrive - Victoria University of Wellington - STUDENT\python,_notebooks\coding_assessment\DEM\DEM_BQ31_2013_1000_2327.tif';'C:\Users\GLEDHIKATI\OneDrive - Victoria University of Wellington - STUDENT\python,_notebooks\coding_assessment\DEM\DEM_BQ31_2013_1000_2328.tif';'C:\Users\GLEDHIKATI\OneDrive - Victoria University of Wellington - STUDENT\python,_notebooks\coding_assessment\DEM\DEM_BQ31_2013_1000_2329.tif';'C:\Users\GLEDHIKATI\OneDrive - Victoria University of Wellington - STUDENT\python,_notebooks\coding_assessment\DEM\DEM_BQ31_2013_1000_2330.tif';'C:\Users\GLEDHIKATI\OneDrive - Victoria University of Wellington - STUDENT\python,_notebooks\coding_assessment\DEM\DEM_BQ31_2013_1000_2331.tif';'C:\Users\GLEDHIKATI\OneDrive - Victoria University of Wellington - STUDENT\python,_notebooks\coding_assessment\DEM\DEM_BQ31_2013_1000_2332.tif';'C:\Users\GLEDHIKATI\OneDrive - Victoria University of Wellington - STUDENT\python,_notebooks\coding_assessment\DEM\DEM_BQ31_2013_1000_2333.tif';'C:\Users\GLEDHIKATI\OneDrive - Victoria University of Wellington - STUDENT\python,_notebooks\coding_assessment\DEM\DEM_BQ31_2013_1000_2334.tif';'C:\Users\GLEDHIKATI\OneDrive - Victoria University of Wellington - STUDENT\python,_notebooks\coding_assessment\DEM\DEM_BQ31_2013_1000_2335.tif';'C:\Users\GLEDHIKATI\OneDrive - Victoria University of Wellington - STUDENT\python,_notebooks\coding_assessment\DEM\DEM_BQ31_2013_1000_2336.tif';'C:\Users\GLEDHIKATI\OneDrive - Victoria University of Wellington - STUDENT\python,_notebooks\coding_assessment\DEM\DEM_BQ31_2013_1000_2337.tif';'C:\Users\GLEDHIKATI\OneDrive - Victoria University of Wellington - STUDENT\python,_notebooks\coding_assessment\DEM\DEM_BQ31_2013_1000_2338.tif';'C:\Users\GLEDHIKATI\OneDrive - Victoria University of Wellington - STUDENT\python,_notebooks\coding_assessment\DEM\DEM_BQ31_2013_1000_2339.tif';'C:\Users\GLEDHIKATI\OneDrive - Victoria University of Wellington - STUDENT\python,_notebooks\coding_assessment\DEM\DEM_BQ31_2013_1000_2340.tif';'C:\Users\GLEDHIKATI\OneDrive - Victoria University of Wellington - STUDENT\python,_notebooks\coding_assessment\DEM\DEM_BQ31_2013_1000_2341.tif';'C:\Users\GLEDHIKATI\OneDrive - Victoria University of Wellington - STUDENT\python,_notebooks\coding_assessment\DEM\DEM_BQ31_2013_1000_2342.tif';'C:\Users\GLEDHIKATI\OneDrive - Victoria University of Wellington - STUDENT\python,_notebooks\coding_assessment\DEM\DEM_BQ31_2013_1000_2343.tif';'C:\Users\GLEDHIKATI\OneDrive - Victoria University of Wellington - STUDENT\python,_notebooks\coding_assessment\DEM\DEM_BQ31_2013_1000_2344.tif';'C:\Users\GLEDHIKATI\OneDrive - Victoria University of Wellington - STUDENT\python,_notebooks\coding_assessment\DEM\DEM_BQ31_2013_1000_2345.tif';'C:\Users\GLEDHIKATI\OneDrive - Victoria University of Wellington - STUDENT\python,_notebooks\coding_assessment\DEM\DEM_BQ31_2013_1000_2421.tif';'C:\Users\GLEDHIKATI\OneDrive - Victoria University of Wellington - STUDENT\python,_notebooks\coding_assessment\DEM\DEM_BQ31_2013_1000_2422.tif';'C:\Users\GLEDHIKATI\OneDrive - Victoria University of Wellington - STUDENT\python,_notebooks\coding_assessment\DEM\DEM_BQ31_2013_1000_2423.tif';'C:\Users\GLEDHIKATI\OneDrive - Victoria University of Wellington - STUDENT\python,_notebooks\coding_assessment\DEM\DEM_BQ31_2013_1000_2424.tif';'C:\Users\GLEDHIKATI\OneDrive - Victoria University of Wellington - STUDENT\python,_notebooks\coding_assessment\DEM\DEM_BQ31_2013_1000_2425.tif';'C:\Users\GLEDHIKATI\OneDrive - Victoria University of Wellington - STUDENT\python,_notebooks\coding_assessment\DEM\DEM_BQ31_2013_1000_2426.tif';'C:\Users\GLEDHIKATI\OneDrive - Victoria University of Wellington - STUDENT\python,_notebooks\coding_assessment\DEM\DEM_BQ31_2013_1000_2427.tif';'C:\Users\GLEDHIKATI\OneDrive - Victoria University of Wellington - STUDENT\python,_notebooks\coding_assessment\DEM\DEM_BQ31_2013_1000_2428.tif';'C:\Users\GLEDHIKATI\OneDrive - Victoria University of Wellington - STUDENT\python,_notebooks\coding_assessment\DEM\DEM_BQ31_2013_1000_2429.tif';'C:\Users\GLEDHIKATI\OneDrive - Victoria University of Wellington - STUDENT\python,_notebooks\coding_assessment\DEM\DEM_BQ31_2013_1000_2430.tif';'C:\Users\GLEDHIKATI\OneDrive - Victoria University of Wellington - STUDENT\python,_notebooks\coding_assessment\DEM\DEM_BQ31_2013_1000_2431.tif';'C:\Users\GLEDHIKATI\OneDrive - Victoria University of Wellington - STUDENT\python,_notebooks\coding_assessment\DEM\DEM_BQ31_2013_1000_2432.tif';'C:\Users\GLEDHIKATI\OneDrive - Victoria University of Wellington - STUDENT\python,_notebooks\coding_assessment\DEM\DEM_BQ31_2013_1000_2433.tif';'C:\Users\GLEDHIKATI\OneDrive - Victoria University of Wellington - STUDENT\python,_notebooks\coding_assessment\DEM\DEM_BQ31_2013_1000_2434.tif';'C:\Users\GLEDHIKATI\OneDrive - Victoria University of Wellington - STUDENT\python,_notebooks\coding_assessment\DEM\DEM_BQ31_2013_1000_2435.tif';'C:\Users\GLEDHIKATI\OneDrive - Victoria University of Wellington - STUDENT\python,_notebooks\coding_assessment\DEM\DEM_BQ31_2013_1000_2436.tif';'C:\Users\GLEDHIKATI\OneDrive - Victoria University of Wellington - STUDENT\python,_notebooks\coding_assessment\DEM\DEM_BQ31_2013_1000_2437.tif';'C:\Users\GLEDHIKATI\OneDrive - Victoria University of Wellington - STUDENT\python,_notebooks\coding_assessment\DEM\DEM_BQ31_2013_1000_2438.tif';'C:\Users\GLEDHIKATI\OneDrive - Victoria University of Wellington - STUDENT\python,_notebooks\coding_assessment\DEM\DEM_BQ31_2013_1000_2439.tif';'C:\Users\GLEDHIKATI\OneDrive - Victoria University of Wellington - STUDENT\python,_notebooks\coding_assessment\DEM\DEM_BQ31_2013_1000_2440.tif';'C:\Users\GLEDHIKATI\OneDrive - Victoria University of Wellington - STUDENT\python,_notebooks\coding_assessment\DEM\DEM_BQ31_2013_1000_2441.tif';'C:\Users\GLEDHIKATI\OneDrive - Victoria University of Wellington - STUDENT\python,_notebooks\coding_assessment\DEM\DEM_BQ31_2013_1000_2442.tif';'C:\Users\GLEDHIKATI\OneDrive - Victoria University of Wellington - STUDENT\python,_notebooks\coding_assessment\DEM\DEM_BQ31_2013_1000_2443.tif';'C:\Users\GLEDHIKATI\OneDrive - Victoria University of Wellington - STUDENT\python,_notebooks\coding_assessment\DEM\DEM_BQ31_2013_1000_2444.tif';'C:\Users\GLEDHIKATI\OneDrive - Victoria University of Wellington - STUDENT\python,_notebooks\coding_assessment\DEM\DEM_BQ31_2013_1000_2445.tif';'C:\Users\GLEDHIKATI\OneDrive - Victoria University of Wellington - STUDENT\python,_notebooks\coding_assessment\DEM\DEM_BQ31_2013_1000_2521.tif';'C:\Users\GLEDHIKATI\OneDrive - Victoria University of Wellington - STUDENT\python,_notebooks\coding_assessment\DEM\DEM_BQ31_2013_1000_2522.tif';'C:\Users\GLEDHIKATI\OneDrive - Victoria University of Wellington - STUDENT\python,_notebooks\coding_assessment\DEM\DEM_BQ31_2013_1000_2523.tif';'C:\Users\GLEDHIKATI\OneDrive - Victoria University of Wellington - STUDENT\python,_notebooks\coding_assessment\DEM\DEM_BQ31_2013_1000_2524.tif';'C:\Users\GLEDHIKATI\OneDrive - Victoria University of Wellington - STUDENT\python,_notebooks\coding_assessment\DEM\DEM_BQ31_2013_1000_2525.tif';'C:\Users\GLEDHIKATI\OneDrive - Victoria University of Wellington - STUDENT\python,_notebooks\coding_assessment\DEM\DEM_BQ31_2013_1000_2526.tif';'C:\Users\GLEDHIKATI\OneDrive - Victoria University of Wellington - STUDENT\python,_notebooks\coding_assessment\DEM\DEM_BQ31_2013_1000_2527.tif';'C:\Users\GLEDHIKATI\OneDrive - Victoria University of Wellington - STUDENT\python,_notebooks\coding_assessment\DEM\DEM_BQ31_2013_1000_2528.tif';'C:\Users\GLEDHIKATI\OneDrive - Victoria University of Wellington - STUDENT\python,_notebooks\coding_assessment\DEM\DEM_BQ31_2013_1000_2529.tif';'C:\Users\GLEDHIKATI\OneDrive - Victoria University of Wellington - STUDENT\python,_notebooks\coding_assessment\DEM\DEM_BQ31_2013_1000_2530.tif';'C:\Users\GLEDHIKATI\OneDrive - Victoria University of Wellington - STUDENT\python,_notebooks\coding_assessment\DEM\DEM_BQ31_2013_1000_2531.tif';'C:\Users\GLEDHIKATI\OneDrive - Victoria University of Wellington - STUDENT\python,_notebooks\coding_assessment\DEM\DEM_BQ31_2013_1000_2532.tif';'C:\Users\GLEDHIKATI\OneDrive - Victoria University of Wellington - STUDENT\python,_notebooks\coding_assessment\DEM\DEM_BQ31_2013_1000_2533.tif';'C:\Users\GLEDHIKATI\OneDrive - Victoria University of Wellington - STUDENT\python,_notebooks\coding_assessment\DEM\DEM_BQ31_2013_1000_2534.tif';'C:\Users\GLEDHIKATI\OneDrive - Victoria University of Wellington - STUDENT\python,_notebooks\coding_assessment\DEM\DEM_BQ31_2013_1000_2535.tif';'C:\Users\GLEDHIKATI\OneDrive - Victoria University of Wellington - STUDENT\python,_notebooks\coding_assessment\DEM\DEM_BQ31_2013_1000_2536.tif';'C:\Users\GLEDHIKATI\OneDrive - Victoria University of Wellington - STUDENT\python,_notebooks\coding_assessment\DEM\DEM_BQ31_2013_1000_2537.tif';'C:\Users\GLEDHIKATI\OneDrive - Victoria University of Wellington - STUDENT\python,_notebooks\coding_assessment\DEM\DEM_BQ31_2013_1000_2538.tif';'C:\Users\GLEDHIKATI\OneDrive - Victoria University of Wellington - STUDENT\python,_notebooks\coding_assessment\DEM\DEM_BQ31_2013_1000_2539.tif';'C:\Users\GLEDHIKATI\OneDrive - Victoria University of Wellington - STUDENT\python,_notebooks\coding_assessment\DEM\DEM_BQ31_2013_1000_2540.tif';'C:\Users\GLEDHIKATI\OneDrive - Victoria University of Wellington - STUDENT\python,_notebooks\coding_assessment\DEM\DEM_BQ31_2013_1000_2541.tif';'C:\Users\GLEDHIKATI\OneDrive - Victoria University of Wellington - STUDENT\python,_notebooks\coding_assessment\DEM\DEM_BQ31_2013_1000_2542.tif';'C:\Users\GLEDHIKATI\OneDrive - Victoria University of Wellington - STUDENT\python,_notebooks\coding_assessment\DEM\DEM_BQ31_2013_1000_2543.tif';'C:\Users\GLEDHIKATI\OneDrive - Victoria University of Wellington - STUDENT\python,_notebooks\coding_assessment\DEM\DEM_BQ31_2013_1000_2544.tif';'C:\Users\GLEDHIKATI\OneDrive - Victoria University of Wellington - STUDENT\python,_notebooks\coding_assessment\DEM\DEM_BQ31_2013_1000_2545.tif';'C:\Users\GLEDHIKATI\OneDrive - Victoria University of Wellington - STUDENT\python,_notebooks\coding_assessment\DEM\DEM_BQ31_2013_1000_2621.tif';'C:\Users\GLEDHIKATI\OneDrive - Victoria University of Wellington - STUDENT\python,_notebooks\coding_assessment\DEM\DEM_BQ31_2013_1000_2622.tif';'C:\Users\GLEDHIKATI\OneDrive - Victoria University of Wellington - STUDENT\python,_notebooks\coding_assessment\DEM\DEM_BQ31_2013_1000_2623.tif';'C:\Users\GLEDHIKATI\OneDrive - Victoria University of Wellington - STUDENT\python,_notebooks\coding_assessment\DEM\DEM_BQ31_2013_1000_2624.tif';'C:\Users\GLEDHIKATI\OneDrive - Victoria University of Wellington - STUDENT\python,_notebooks\coding_assessment\DEM\DEM_BQ31_2013_1000_2625.tif';'C:\Users\GLEDHIKATI\OneDrive - Victoria University of Wellington - STUDENT\python,_notebooks\coding_assessment\DEM\DEM_BQ31_2013_1000_2626.tif';'C:\Users\GLEDHIKATI\OneDrive - Victoria University of Wellington - STUDENT\python,_notebooks\coding_assessment\DEM\DEM_BQ31_2013_1000_2627.tif';'C:\Users\GLEDHIKATI\OneDrive - Victoria University of Wellington - STUDENT\python,_notebooks\coding_assessment\DEM\DEM_BQ31_2013_1000_2628.tif';'C:\Users\GLEDHIKATI\OneDrive - Victoria University of Wellington - STUDENT\python,_notebooks\coding_assessment\DEM\DEM_BQ31_2013_1000_2629.tif';'C:\Users\GLEDHIKATI\OneDrive - Victoria University of Wellington - STUDENT\python,_notebooks\coding_assessment\DEM\DEM_BQ31_2013_1000_2630.tif';'C:\Users\GLEDHIKATI\OneDrive - Victoria University of Wellington - STUDENT\python,_notebooks\coding_assessment\DEM\DEM_BQ31_2013_1000_2631.tif';'C:\Users\GLEDHIKATI\OneDrive - Victoria University of Wellington - STUDENT\python,_notebooks\coding_assessment\DEM\DEM_BQ31_2013_1000_2632.tif';'C:\Users\GLEDHIKATI\OneDrive - Victoria University of Wellington - STUDENT\python,_notebooks\coding_assessment\DEM\DEM_BQ31_2013_1000_2633.tif';'C:\Users\GLEDHIKATI\OneDrive - Victoria University of Wellington - STUDENT\python,_notebooks\coding_assessment\DEM\DEM_BQ31_2013_1000_2634.tif';'C:\Users\GLEDHIKATI\OneDrive - Victoria University of Wellington - STUDENT\python,_notebooks\coding_assessment\DEM\DEM_BQ31_2013_1000_2635.tif';'C:\Users\GLEDHIKATI\OneDrive - Victoria University of Wellington - STUDENT\python,_notebooks\coding_assessment\DEM\DEM_BQ31_2013_1000_2636.tif';'C:\Users\GLEDHIKATI\OneDrive - Victoria University of Wellington - STUDENT\python,_notebooks\coding_assessment\DEM\DEM_BQ31_2013_1000_2637.tif';'C:\Users\GLEDHIKATI\OneDrive - Victoria University of Wellington - STUDENT\python,_notebooks\coding_assessment\DEM\DEM_BQ31_2013_1000_2638.tif';'C:\Users\GLEDHIKATI\OneDrive - Victoria University of Wellington - STUDENT\python,_notebooks\coding_assessment\DEM\DEM_BQ31_2013_1000_2639.tif';'C:\Users\GLEDHIKATI\OneDrive - Victoria University of Wellington - STUDENT\python,_notebooks\coding_assessment\DEM\DEM_BQ31_2013_1000_2640.tif';'C:\Users\GLEDHIKATI\OneDrive - Victoria University of Wellington - STUDENT\python,_notebooks\coding_assessment\DEM\DEM_BQ31_2013_1000_2641.tif';'C:\Users\GLEDHIKATI\OneDrive - Victoria University of Wellington - STUDENT\python,_notebooks\coding_assessment\DEM\DEM_BQ31_2013_1000_2642.tif';'C:\Users\GLEDHIKATI\OneDrive - Victoria University of Wellington - STUDENT\python,_notebooks\coding_assessment\DEM\DEM_BQ31_2013_1000_2643.tif';'C:\Users\GLEDHIKATI\OneDrive - Victoria University of Wellington - STUDENT\python,_notebooks\coding_assessment\DEM\DEM_BQ31_2013_1000_2644.tif';'C:\Users\GLEDHIKATI\OneDrive - Victoria University of Wellington - STUDENT\python,_notebooks\coding_assessment\DEM\DEM_BQ31_2013_1000_2645.tif';'C:\Users\GLEDHIKATI\OneDrive - Victoria University of Wellington - STUDENT\python,_notebooks\coding_assessment\DEM\DEM_BQ31_2013_1000_2646.tif';'C:\Users\GLEDHIKATI\OneDrive - Victoria University of Wellington - STUDENT\python,_notebooks\coding_assessment\DEM\DEM_BQ31_2013_1000_2721.tif';'C:\Users\GLEDHIKATI\OneDrive - Victoria University of Wellington - STUDENT\python,_notebooks\coding_assessment\DEM\DEM_BQ31_2013_1000_2722.tif';'C:\Users\GLEDHIKATI\OneDrive - Victoria University of Wellington - STUDENT\python,_notebooks\coding_assessment\DEM\DEM_BQ31_2013_1000_2723.tif';'C:\Users\GLEDHIKATI\OneDrive - Victoria University of Wellington - STUDENT\python,_notebooks\coding_assessment\DEM\DEM_BQ31_2013_1000_2724.tif';'C:\Users\GLEDHIKATI\OneDrive - Victoria University of Wellington - STUDENT\python,_notebooks\coding_assessment\DEM\DEM_BQ31_2013_1000_2725.tif';'C:\Users\GLEDHIKATI\OneDrive - Victoria University of Wellington - STUDENT\python,_notebooks\coding_assessment\DEM\DEM_BQ31_2013_1000_2726.tif';'C:\Users\GLEDHIKATI\OneDrive - Victoria University of Wellington - STUDENT\python,_notebooks\coding_assessment\DEM\DEM_BQ31_2013_1000_2727.tif';'C:\Users\GLEDHIKATI\OneDrive - Victoria University of Wellington - STUDENT\python,_notebooks\coding_assessment\DEM\DEM_BQ31_2013_1000_2728.tif';'C:\Users\GLEDHIKATI\OneDrive - Victoria University of Wellington - STUDENT\python,_notebooks\coding_assessment\DEM\DEM_BQ31_2013_1000_2729.tif';'C:\Users\GLEDHIKATI\OneDrive - Victoria University of Wellington - STUDENT\python,_notebooks\coding_assessment\DEM\DEM_BQ31_2013_1000_2730.tif';'C:\Users\GLEDHIKATI\OneDrive - Victoria University of Wellington - STUDENT\python,_notebooks\coding_assessment\DEM\DEM_BQ31_2013_1000_2731.tif';'C:\Users\GLEDHIKATI\OneDrive - Victoria University of Wellington - STUDENT\python,_notebooks\coding_assessment\DEM\DEM_BQ31_2013_1000_2732.tif';'C:\Users\GLEDHIKATI\OneDrive - Victoria University of Wellington - STUDENT\python,_notebooks\coding_assessment\DEM\DEM_BQ31_2013_1000_2733.tif';'C:\Users\GLEDHIKATI\OneDrive - Victoria University of Wellington - STUDENT\python,_notebooks\coding_assessment\DEM\DEM_BQ31_2013_1000_2734.tif';'C:\Users\GLEDHIKATI\OneDrive - Victoria University of Wellington - STUDENT\python,_notebooks\coding_assessment\DEM\DEM_BQ31_2013_1000_2735.tif';'C:\Users\GLEDHIKATI\OneDrive - Victoria University of Wellington - STUDENT\python,_notebooks\coding_assessment\DEM\DEM_BQ31_2013_1000_2736.tif';'C:\Users\GLEDHIKATI\OneDrive - Victoria University of Wellington - STUDENT\python,_notebooks\coding_assessment\DEM\DEM_BQ31_2013_1000_2737.tif';'C:\Users\GLEDHIKATI\OneDrive - Victoria University of Wellington - STUDENT\python,_notebooks\coding_assessment\DEM\DEM_BQ31_2013_1000_2738.tif';'C:\Users\GLEDHIKATI\OneDrive - Victoria University of Wellington - STUDENT\python,_notebooks\coding_assessment\DEM\DEM_BQ31_2013_1000_2739.tif';'C:\Users\GLEDHIKATI\OneDrive - Victoria University of Wellington - STUDENT\python,_notebooks\coding_assessment\DEM\DEM_BQ31_2013_1000_2740.tif';'C:\Users\GLEDHIKATI\OneDrive - Victoria University of Wellington - STUDENT\python,_notebooks\coding_assessment\DEM\DEM_BQ31_2013_1000_2741.tif';'C:\Users\GLEDHIKATI\OneDrive - Victoria University of Wellington - STUDENT\python,_notebooks\coding_assessment\DEM\DEM_BQ31_2013_1000_2742.tif';'C:\Users\GLEDHIKATI\OneDrive - Victoria University of Wellington - STUDENT\python,_notebooks\coding_assessment\DEM\DEM_BQ31_2013_1000_2743.tif';'C:\Users\GLEDHIKATI\OneDrive - Victoria University of Wellington - STUDENT\python,_notebooks\coding_assessment\DEM\DEM_BQ31_2013_1000_2744.tif';'C:\Users\GLEDHIKATI\OneDrive - Victoria University of Wellington - STUDENT\python,_notebooks\coding_assessment\DEM\DEM_BQ31_2013_1000_2745.tif';'C:\Users\GLEDHIKATI\OneDrive - Victoria University of Wellington - STUDENT\python,_notebooks\coding_assessment\DEM\DEM_BQ31_2013_1000_2746.tif';'C:\Users\GLEDHIKATI\OneDrive - Victoria University of Wellington - STUDENT\python,_notebooks\coding_assessment\DEM\DEM_BQ31_2013_1000_2750.tif';'C:\Users\GLEDHIKATI\OneDrive - Victoria University of Wellington - STUDENT\python,_notebooks\coding_assessment\DEM\DEM_BQ31_2013_1000_2821.tif';'C:\Users\GLEDHIKATI\OneDrive - Victoria University of Wellington - STUDENT\python,_notebooks\coding_assessment\DEM\DEM_BQ31_2013_1000_2822.tif';'C:\Users\GLEDHIKATI\OneDrive - Victoria University of Wellington - STUDENT\python,_notebooks\coding_assessment\DEM\DEM_BQ31_2013_1000_2823.tif';'C:\Users\GLEDHIKATI\OneDrive - Victoria University of Wellington - STUDENT\python,_notebooks\coding_assessment\DEM\DEM_BQ31_2013_1000_2824.tif';'C:\Users\GLEDHIKATI\OneDrive - Victoria University of Wellington - STUDENT\python,_notebooks\coding_assessment\DEM\DEM_BQ31_2013_1000_2825.tif';'C:\Users\GLEDHIKATI\OneDrive - Victoria University of Wellington - STUDENT\python,_notebooks\coding_assessment\DEM\DEM_BQ31_2013_1000_2826.tif';'C:\Users\GLEDHIKATI\OneDrive - Victoria University of Wellington - STUDENT\python,_notebooks\coding_assessment\DEM\DEM_BQ31_2013_1000_2827.tif';'C:\Users\GLEDHIKATI\OneDrive - Victoria University of Wellington - STUDENT\python,_notebooks\coding_assessment\DEM\DEM_BQ31_2013_1000_2828.tif';'C:\Users\GLEDHIKATI\OneDrive - Victoria University of Wellington - STUDENT\python,_notebooks\coding_assessment\DEM\DEM_BQ31_2013_1000_2829.tif';'C:\Users\GLEDHIKATI\OneDrive - Victoria University of Wellington - STUDENT\python,_notebooks\coding_assessment\DEM\DEM_BQ31_2013_1000_2830.tif';'C:\Users\GLEDHIKATI\OneDrive - Victoria University of Wellington - STUDENT\python,_notebooks\coding_assessment\DEM\DEM_BQ31_2013_1000_2831.tif';'C:\Users\GLEDHIKATI\OneDrive - Victoria University of Wellington - STUDENT\python,_notebooks\coding_assessment\DEM\DEM_BQ31_2013_1000_2832.tif';'C:\Users\GLEDHIKATI\OneDrive - Victoria University of Wellington - STUDENT\python,_notebooks\coding_assessment\DEM\DEM_BQ31_2013_1000_2833.tif';'C:\Users\GLEDHIKATI\OneDrive - Victoria University of Wellington - STUDENT\python,_notebooks\coding_assessment\DEM\DEM_BQ31_2013_1000_2834.tif';'C:\Users\GLEDHIKATI\OneDrive - Victoria University of Wellington - STUDENT\python,_notebooks\coding_assessment\DEM\DEM_BQ31_2013_1000_2835.tif';'C:\Users\GLEDHIKATI\OneDrive - Victoria University of Wellington - STUDENT\python,_notebooks\coding_assessment\DEM\DEM_BQ31_2013_1000_2836.tif';'C:\Users\GLEDHIKATI\OneDrive - Victoria University of Wellington - STUDENT\python,_notebooks\coding_assessment\DEM\DEM_BQ31_2013_1000_2837.tif';'C:\Users\GLEDHIKATI\OneDrive - Victoria University of Wellington - STUDENT\python,_notebooks\coding_assessment\DEM\DEM_BQ31_2013_1000_2838.tif';'C:\Users\GLEDHIKATI\OneDrive - Victoria University of Wellington - STUDENT\python,_notebooks\coding_assessment\DEM\DEM_BQ31_2013_1000_2840.tif';'C:\Users\GLEDHIKATI\OneDrive - Victoria University of Wellington - STUDENT\python,_notebooks\coding_assessment\DEM\DEM_BQ31_2013_1000_2841.tif';'C:\Users\GLEDHIKATI\OneDrive - Victoria University of Wellington - STUDENT\python,_notebooks\coding_assessment\DEM\DEM_BQ31_2013_1000_2842.tif';'C:\Users\GLEDHIKATI\OneDrive - Victoria University of Wellington - STUDENT\python,_notebooks\coding_assessment\DEM\DEM_BQ31_2013_1000_2843.tif';'C:\Users\GLEDHIKATI\OneDrive - Victoria University of Wellington - STUDENT\python,_notebooks\coding_assessment\DEM\DEM_BQ31_2013_1000_2844.tif';'C:\Users\GLEDHIKATI\OneDrive - Victoria University of Wellington - STUDENT\python,_notebooks\coding_assessment\DEM\DEM_BQ31_2013_1000_2849.tif';'C:\Users\GLEDHIKATI\OneDrive - Victoria University of Wellington - STUDENT\python,_notebooks\coding_assessment\DEM\DEM_BQ31_2013_1000_2850.tif';'C:\Users\GLEDHIKATI\OneDrive - Victoria University of Wellington - STUDENT\python,_notebooks\coding_assessment\DEM\DEM_BQ31_2013_1000_2921.tif';'C:\Users\GLEDHIKATI\OneDrive - Victoria University of Wellington - STUDENT\python,_notebooks\coding_assessment\DEM\DEM_BQ31_2013_1000_2922.tif';'C:\Users\GLEDHIKATI\OneDrive - Victoria University of Wellington - STUDENT\python,_notebooks\coding_assessment\DEM\DEM_BQ31_2013_1000_2923.tif';'C:\Users\GLEDHIKATI\OneDrive - Victoria University of Wellington - STUDENT\python,_notebooks\coding_assessment\DEM\DEM_BQ31_2013_1000_2924.tif';'C:\Users\GLEDHIKATI\OneDrive - Victoria University of Wellington - STUDENT\python,_notebooks\coding_assessment\DEM\DEM_BQ31_2013_1000_2925.tif';'C:\Users\GLEDHIKATI\OneDrive - Victoria University of Wellington - STUDENT\python,_notebooks\coding_assessment\DEM\DEM_BQ31_2013_1000_2926.tif';'C:\Users\GLEDHIKATI\OneDrive - Victoria University of Wellington - STUDENT\python,_notebooks\coding_assessment\DEM\DEM_BQ31_2013_1000_2927.tif';'C:\Users\GLEDHIKATI\OneDrive - Victoria University of Wellington - STUDENT\python,_notebooks\coding_assessment\DEM\DEM_BQ31_2013_1000_2928.tif';'C:\Users\GLEDHIKATI\OneDrive - Victoria University of Wellington - STUDENT\python,_notebooks\coding_assessment\DEM\DEM_BQ31_2013_1000_2929.tif';'C:\Users\GLEDHIKATI\OneDrive - Victoria University of Wellington - STUDENT\python,_notebooks\coding_assessment\DEM\DEM_BQ31_2013_1000_2930.tif';'C:\Users\GLEDHIKATI\OneDrive - Victoria University of Wellington - STUDENT\python,_notebooks\coding_assessment\DEM\DEM_BQ31_2013_1000_2931.tif';'C:\Users\GLEDHIKATI\OneDrive - Victoria University of Wellington - STUDENT\python,_notebooks\coding_assessment\DEM\DEM_BQ31_2013_1000_2932.tif';'C:\Users\GLEDHIKATI\OneDrive - Victoria University of Wellington - STUDENT\python,_notebooks\coding_assessment\DEM\DEM_BQ31_2013_1000_2933.tif';'C:\Users\GLEDHIKATI\OneDrive - Victoria University of Wellington - STUDENT\python,_notebooks\coding_assessment\DEM\DEM_BQ31_2013_1000_2934.tif';'C:\Users\GLEDHIKATI\OneDrive - Victoria University of Wellington - STUDENT\python,_notebooks\coding_assessment\DEM\DEM_BQ31_2013_1000_2935.tif';'C:\Users\GLEDHIKATI\OneDrive - Victoria University of Wellington - STUDENT\python,_notebooks\coding_assessment\DEM\DEM_BQ31_2013_1000_2936.tif';'C:\Users\GLEDHIKATI\OneDrive - Victoria University of Wellington - STUDENT\python,_notebooks\coding_assessment\DEM\DEM_BQ31_2013_1000_2937.tif';'C:\Users\GLEDHIKATI\OneDrive - Victoria University of Wellington - STUDENT\python,_notebooks\coding_assessment\DEM\DEM_BQ31_2013_1000_2938.tif';'C:\Users\GLEDHIKATI\OneDrive - Victoria University of Wellington - STUDENT\python,_notebooks\coding_assessment\DEM\DEM_BQ31_2013_1000_2941.tif';'C:\Users\GLEDHIKATI\OneDrive - Victoria University of Wellington - STUDENT\python,_notebooks\coding_assessment\DEM\DEM_BQ31_2013_1000_2942.tif';'C:\Users\GLEDHIKATI\OneDrive - Victoria University of Wellington - STUDENT\python,_notebooks\coding_assessment\DEM\DEM_BQ31_2013_1000_2943.tif';'C:\Users\GLEDHIKATI\OneDrive - Victoria University of Wellington - STUDENT\python,_notebooks\coding_assessment\DEM\DEM_BQ31_2013_1000_2944.tif';'C:\Users\GLEDHIKATI\OneDrive - Victoria University of Wellington - STUDENT\python,_notebooks\coding_assessment\DEM\DEM_BQ31_2013_1000_2949.tif';'C:\Users\GLEDHIKATI\OneDrive - Victoria University of Wellington - STUDENT\python,_notebooks\coding_assessment\DEM\DEM_BQ31_2013_1000_2950.tif';'C:\Users\GLEDHIKATI\OneDrive - Victoria University of Wellington - STUDENT\python,_notebooks\coding_assessment\DEM\DEM_BQ31_2013_1000_3021.tif';'C:\Users\GLEDHIKATI\OneDrive - Victoria University of Wellington - STUDENT\python,_notebooks\coding_assessment\DEM\DEM_BQ31_2013_1000_3022.tif';'C:\Users\GLEDHIKATI\OneDrive - Victoria University of Wellington - STUDENT\python,_notebooks\coding_assessment\DEM\DEM_BQ31_2013_1000_3023.tif';'C:\Users\GLEDHIKATI\OneDrive - Victoria University of Wellington - STUDENT\python,_notebooks\coding_assessment\DEM\DEM_BQ31_2013_1000_3024.tif';'C:\Users\GLEDHIKATI\OneDrive - Victoria University of Wellington - STUDENT\python,_notebooks\coding_assessment\DEM\DEM_BQ31_2013_1000_3025.tif';'C:\Users\GLEDHIKATI\OneDrive - Victoria University of Wellington - STUDENT\python,_notebooks\coding_assessment\DEM\DEM_BQ31_2013_1000_3026.tif';'C:\Users\GLEDHIKATI\OneDrive - Victoria University of Wellington - STUDENT\python,_notebooks\coding_assessment\DEM\DEM_BQ31_2013_1000_3027.tif';'C:\Users\GLEDHIKATI\OneDrive - Victoria University of Wellington - STUDENT\python,_notebooks\coding_assessment\DEM\DEM_BQ31_2013_1000_3028.tif';'C:\Users\GLEDHIKATI\OneDrive - Victoria University of Wellington - STUDENT\python,_notebooks\coding_assessment\DEM\DEM_BQ31_2013_1000_3029.tif';'C:\Users\GLEDHIKATI\OneDrive - Victoria University of Wellington - STUDENT\python,_notebooks\coding_assessment\DEM\DEM_BQ31_2013_1000_3030.tif';'C:\Users\GLEDHIKATI\OneDrive - Victoria University of Wellington - STUDENT\python,_notebooks\coding_assessment\DEM\DEM_BQ31_2013_1000_3031.tif';'C:\Users\GLEDHIKATI\OneDrive - Victoria University of Wellington - STUDENT\python,_notebooks\coding_assessment\DEM\DEM_BQ31_2013_1000_3032.tif';'C:\Users\GLEDHIKATI\OneDrive - Victoria University of Wellington - STUDENT\python,_notebooks\coding_assessment\DEM\DEM_BQ31_2013_1000_3033.tif';'C:\Users\GLEDHIKATI\OneDrive - Victoria University of Wellington - STUDENT\python,_notebooks\coding_assessment\DEM\DEM_BQ31_2013_1000_3034.tif';'C:\Users\GLEDHIKATI\OneDrive - Victoria University of Wellington - STUDENT\python,_notebooks\coding_assessment\DEM\DEM_BQ31_2013_1000_3035.tif';'C:\Users\GLEDHIKATI\OneDrive - Victoria University of Wellington - STUDENT\python,_notebooks\coding_assessment\DEM\DEM_BQ31_2013_1000_3038.tif';'C:\Users\GLEDHIKATI\OneDrive - Victoria University of Wellington - STUDENT\python,_notebooks\coding_assessment\DEM\DEM_BQ31_2013_1000_3048.tif';'C:\Users\GLEDHIKATI\OneDrive - Victoria University of Wellington - STUDENT\python,_notebooks\coding_assessment\DEM\DEM_BQ31_2013_1000_3049.tif';'C:\Users\GLEDHIKATI\OneDrive - Victoria University of Wellington - STUDENT\python,_notebooks\coding_assessment\DEM\DEM_BQ31_2013_1000_3050.tif';'C:\Users\GLEDHIKATI\OneDrive - Victoria University of Wellington - STUDENT\python,_notebooks\coding_assessment\DEM\DEM_BQ31_2013_1000_3122.tif';'C:\Users\GLEDHIKATI\OneDrive - Victoria University of Wellington - STUDENT\python,_notebooks\coding_assessment\DEM\DEM_BQ31_2013_1000_3123.tif';'C:\Users\GLEDHIKATI\OneDrive - Victoria University of Wellington - STUDENT\python,_notebooks\coding_assessment\DEM\DEM_BQ31_2013_1000_3124.tif';'C:\Users\GLEDHIKATI\OneDrive - Victoria University of Wellington - STUDENT\python,_notebooks\coding_assessment\DEM\DEM_BQ31_2013_1000_3125.tif';'C:\Users\GLEDHIKATI\OneDrive - Victoria University of Wellington - STUDENT\python,_notebooks\coding_assessment\DEM\DEM_BQ31_2013_1000_3126.tif';'C:\Users\GLEDHIKATI\OneDrive - Victoria University of Wellington - STUDENT\python,_notebooks\coding_assessment\DEM\DEM_BQ31_2013_1000_3127.tif';'C:\Users\GLEDHIKATI\OneDrive - Victoria University of Wellington - STUDENT\python,_notebooks\coding_assessment\DEM\DEM_BQ31_2013_1000_3147.tif';'C:\Users\GLEDHIKATI\OneDrive - Victoria University of Wellington - STUDENT\python,_notebooks\coding_assessment\DEM\DEM_BQ31_2013_1000_3148.tif';'C:\Users\GLEDHIKATI\OneDrive - Victoria University of Wellington - STUDENT\python,_notebooks\coding_assessment\DEM\DEM_BQ31_2013_1000_3149.tif';'C:\Users\GLEDHIKATI\OneDrive - Victoria University of Wellington - STUDENT\python,_notebooks\coding_assessment\DEM\DEM_BQ31_2013_1000_3150.tif';'C:\Users\GLEDHIKATI\OneDrive - Victoria University of Wellington - STUDENT\python,_notebooks\coding_assessment\DEM\DEM_BQ31_2013_1000_3247.tif';'C:\Users\GLEDHIKATI\OneDrive - Victoria University of Wellington - STUDENT\python,_notebooks\coding_assessment\DEM\DEM_BQ31_2013_1000_3248.tif';'C:\Users\GLEDHIKATI\OneDrive - Victoria University of Wellington - STUDENT\python,_notebooks\coding_assessment\DEM\DEM_BQ31_2013_1000_3249.tif';'C:\Users\GLEDHIKATI\OneDrive - Victoria University of Wellington - STUDENT\python,_notebooks\coding_assessment\DEM\DEM_BQ31_2013_1000_3250.tif';'C:\Users\GLEDHIKATI\OneDrive - Victoria University of Wellington - STUDENT\python,_notebooks\coding_assessment\DEM\DEM_BQ32_2013_1000_2102.tif';'C:\Users\GLEDHIKATI\OneDrive - Victoria University of Wellington - STUDENT\python,_notebooks\coding_assessment\DEM\DEM_BQ32_2013_1000_2202.tif';'C:\Users\GLEDHIKATI\OneDrive - Victoria University of Wellington - STUDENT\python,_notebooks\coding_assessment\DEM\DEM_BQ32_2013_1000_2403.tif';'C:\Users\GLEDHIKATI\OneDrive - Victoria University of Wellington - STUDENT\python,_notebooks\coding_assessment\DEM\DEM_BQ32_2013_1000_2502.tif';'C:\Users\GLEDHIKATI\OneDrive - Victoria University of Wellington - STUDENT\python,_notebooks\coding_assessment\DEM\DEM_BQ32_2013_1000_2503.tif';'C:\Users\GLEDHIKATI\OneDrive - Victoria University of Wellington - STUDENT\python,_notebooks\coding_assessment\DEM\DEM_BQ32_2013_1000_2601.tif';'C:\Users\GLEDHIKATI\OneDrive - Victoria University of Wellington - STUDENT\python,_notebooks\coding_assessment\DEM\DEM_BQ32_2013_1000_2602.tif';'C:\Users\GLEDHIKATI\OneDrive - Victoria University of Wellington - STUDENT\python,_notebooks\coding_assessment\DEM\DEM_BQ32_2013_1000_2603.tif';'C:\Users\GLEDHIKATI\OneDrive - Victoria University of Wellington - STUDENT\python,_notebooks\coding_assessment\DEM\DEM_BQ32_2013_1000_2701.tif';'C:\Users\GLEDHIKATI\OneDrive - Victoria University of Wellington - STUDENT\python,_notebooks\coding_assessment\DEM\DEM_BQ32_2013_1000_2702.tif';'C:\Users\GLEDHIKATI\OneDrive - Victoria University of Wellington - STUDENT\python,_notebooks\coding_assessment\DEM\DEM_BQ32_2013_1000_2703.tif';'C:\Users\GLEDHIKATI\OneDrive - Victoria University of Wellington - STUDENT\python,_notebooks\coding_assessment\DEM\DEM_BQ32_2013_1000_2801.tif';'C:\Users\GLEDHIKATI\OneDrive - Victoria University of Wellington - STUDENT\python,_notebooks\coding_assessment\DEM\DEM_BQ32_2013_1000_2802.tif';'C:\Users\GLEDHIKATI\OneDrive - Victoria University of Wellington - STUDENT\python,_notebooks\coding_assessment\DEM\DEM_BQ32_2013_1000_2803.tif';'C:\Users\GLEDHIKATI\OneDrive - Victoria University of Wellington - STUDENT\python,_notebooks\coding_assessment\DEM\DEM_BQ32_2013_1000_2901.tif';'C:\Users\GLEDHIKATI\OneDrive - Victoria University of Wellington - STUDENT\python,_notebooks\coding_assessment\DEM\DEM_BQ32_2013_1000_2902.tif';'C:\Users\GLEDHIKATI\OneDrive - Victoria University of Wellington - STUDENT\python,_notebooks\coding_assessment\DEM\DEM_BQ32_2013_1000_2903.tif';'C:\Users\GLEDHIKATI\OneDrive - Victoria University of Wellington - STUDENT\python,_notebooks\coding_assessment\DEM\DEM_BQ32_2013_1000_3001.tif';'C:\Users\GLEDHIKATI\OneDrive - Victoria University of Wellington - STUDENT\python,_notebooks\coding_assessment\DEM\DEM_BQ32_2013_1000_3002.tif';'C:\Users\GLEDHIKATI\OneDrive - Victoria University of Wellington - STUDENT\python,_notebooks\coding_assessment\DEM\DEM_BQ32_2013_1000_3003.tif';'C:\Users\GLEDHIKATI\OneDrive - Victoria University of Wellington - STUDENT\python,_notebooks\coding_assessment\DEM\DEM_BQ32_2013_1000_3101.tif';'C:\Users\GLEDHIKATI\OneDrive - Victoria University of Wellington - STUDENT\python,_notebooks\coding_assessment\DEM\DEM_BQ32_2013_1000_3102.tif';'C:\Users\GLEDHIKATI\OneDrive - Victoria University of Wellington - STUDENT\python,_notebooks\coding_assessment\DEM\DEM_BQ32_2013_1000_3103.tif';'C:\Users\GLEDHIKATI\OneDrive - Victoria University of Wellington - STUDENT\python,_notebooks\coding_assessment\DEM\DEM_BQ32_2013_1000_3201.tif';'C:\Users\GLEDHIKATI\OneDrive - Victoria University of Wellington - STUDENT\python,_notebooks\coding_assessment\DEM\DEM_BQ32_2013_1000_3202.tif';'C:\Users\GLEDHIKATI\OneDrive - Victoria University of Wellington - STUDENT\python,_notebooks\coding_assessment\DEM\DEM_BQ32_2013_1000_3203.tif' "C:\Users\GLEDHIKATI\OneDrive - Victoria University of Wellington - STUDENT\python,_notebooks\coding_assessment\DEM" Mosaic_DEM # 8_BIT_SIGNED # 1 LAST FIRST</Process><Process ToolSource="c:\program files (x86)\arcgis\desktop10.8\ArcToolbox\Toolboxes\Data Management Tools.tbx\Clip" Date="20210519" Time="112037">Clip Mosaic_DEM "1746152.86785889 5423630.6307373 1750650.79364014 5427705.22235107" "C:\Users\GLEDHIKATI\OneDrive - Victoria University of Wellington - STUDENT\python,_notebooks\coding_assessment\DEM\New_DEM" DEM_extent -3.402823e+38 NONE NO_MAINTAIN_EXTENT</Process><Process ToolSource="c:\program files\arcgis\pro\Resources\ArcToolbox\toolboxes\Data Management Tools.tbx\CopyRaster" Date="20210520" Time="114453">CopyRaster "C:\Users\barbourhia\OneDrive - Victoria University of Wellington - STUDENT\Geographical Computing\Final_Project\new_dem" "C:\Users\barbourhia\OneDrive - Victoria University of Wellington - STUDENT\Geographical Computing\Final_Project\new_dem.tif" # # -3.402823e+38 NONE NONE # NONE NONE "TIFF format" NONE CURRENT_SLICE NO_TRANSPOSE</Process></lineage></DataProperties><SyncDate>20210520</SyncDate><SyncTime>11445300</SyncTime><ModDate>20210520</ModDate><ModTime>11445300</ModTime></Esri><dataIdInfo><envirDesc Sync="TRUE">Microsoft Windows 10 Version 10.0 (Build 18363) ; Esri ArcGIS 12.6.2.24783</envirDesc><dataLang><languageCode value="eng" Sync="TRUE"></languageCode><countryCode value="NZL" Sync="TRUE"></countryCode></dataLang><idCitation><resTitle Sync="TRUE">new_dem.tif</resTitle><presForm><PresFormCd value="005" Sync="TRUE"></PresFormCd></presForm></idCitation><spatRpType><SpatRepTypCd value="002" Sync="TRUE"></SpatRepTypCd></spatRpType><dataExt><geoEle><GeoBndBox esriExtentType="search"><exTypeCode Sync="TRUE">1</exTypeCode><westBL Sync="TRUE">174.745412</westBL><eastBL Sync="TRUE">174.800125</eastBL><northBL Sync="TRUE">-41.288040</northBL><southBL Sync="TRUE">-41.325565</southBL></GeoBndBox></geoEle></dataExt></dataIdInfo><mdLang><languageCode value="eng" Sync="TRUE"></languageCode><countryCode value="NZL" Sync="TRUE"></countryCode></mdLang><mdChar><CharSetCd value="004" Sync="TRUE"></CharSetCd></mdChar><distInfo><distFormat><formatName Sync="TRUE">Raster Dataset</formatName></distFormat></distInfo><mdHrLv><ScopeCd value="005" Sync="TRUE"></ScopeCd></mdHrLv><mdHrLvName Sync="TRUE">dataset</mdHrLvName><refSysInfo><RefSystem><refSysID><identCode code="0" Sync="TRUE"></identCode></refSysID></RefSystem></refSysInfo><spatRepInfo><Georect><cellGeo><CellGeoCd Sync="TRUE" value="002"></CellGeoCd></cellGeo><numDims Sync="TRUE">2</numDims><tranParaAv Sync="TRUE">1</tranParaAv><chkPtAv Sync="TRUE">0</chkPtAv><cornerPts><pos Sync="TRUE">1746152.000000 5423630.000000</pos></cornerPts><cornerPts><pos Sync="TRUE">1746152.000000 5427706.000000</pos></cornerPts><cornerPts><pos Sync="TRUE">1750651.000000 5427706.000000</pos></cornerPts><cornerPts><pos Sync="TRUE">1750651.000000 5423630.000000</pos></cornerPts><centerPt><pos Sync="TRUE">1748401.500000 5425668.000000</pos></centerPt><axisDimension type="002"><dimSize Sync="TRUE">4499</dimSize><dimResol><value Sync="TRUE" uom="m">1.000000</value></dimResol></axisDimension><axisDimension type="001"><dimSize Sync="TRUE">4076</dimSize><dimResol><value Sync="TRUE" uom="m">1.000000</value></dimResol></axisDimension><ptInPixel><PixOrientCd Sync="TRUE" value="001"></PixOrientCd></ptInPixel></Georect></spatRepInfo><contInfo><ImgDesc><contentTyp><ContentTypCd Sync="TRUE" value="001"></ContentTypCd></contentTyp><covDim><Band><dimDescrp Sync="TRUE">Band_1</dimDescrp><maxVal Sync="TRUE">358.274933</maxVal><minVal Sync="TRUE">-1.125334</minVal><bitsPerVal Sync="TRUE">32</bitsPerVal><valUnit><UOM type="length"></UOM></valUnit></Band></covDim></ImgDesc></contInfo><mdDateSt Sync="TRUE">20210520</mdDateSt></metadata>
