<?xml version="1.0" encoding="UTF-8"?>
<metadata xml:lang="en"><Esri><CreaDate>20210519</CreaDate><CreaTime>11505100</CreaTime><ArcGISFormat>1.0</ArcGISFormat><SyncOnce>TRUE</SyncOnce><DataProperties><lineage><Process ToolSource="c:\program files\arcgis\pro\Resources\ArcToolbox\toolboxes\Data Management Tools.tbx\CreateFeatureclass" Date="20210519" Time="115051">CreateFeatureclass "C:\Users\barbourhia\OneDrive - Victoria University of Wellington - STUDENT\Geographical Computing\Final_Project" roadseg Polyline # No No "PROJCS['NZGD_2000_Transverse_Mercator',GEOGCS['GCS_NZGD_2000',DATUM['D_NZGD_2000',SPHEROID['GRS_1980',6378137.0,298.257222101]],PRIMEM['Greenwich',0.0],UNIT['Degree',0.0174532925199433]],PROJECTION['Transverse_Mercator'],PARAMETER['False_Easting',1600000.0],PARAMETER['False_Northing',10000000.0],PARAMETER['Central_Meridian',173.0],PARAMETER['Scale_Factor',0.9996],PARAMETER['Latitude_Of_Origin',0.0],UNIT['Meter',1.0]];-4020900 1900 450445547.391054;-100000 10000;-100000 10000;0.001;0.001;0.001;IsHighPrecision" # 0 0 0 #</Process></lineage></DataProperties></Esri></metadata>
